run,exec_per_s,features_total,session_wall_s,rss_mb
25,368.0,4616,0,39
17960,501.0,5258,36,65
24825,492.0,5298,51,71
28755,487.0,5338,59,85
30504,485.0,5378,63,87
31740,485.0,5418,65,89
33050,485.0,5458,68,91
34425,484.0,5498,71,92
35954,478.0,5538,75,94
36747,471.0,5578,78,96
37775,468.0,5618,81,98
39165,465.0,5658,84,99
40219,464.0,5698,87,101
40888,464.0,5738,88,102
42492,457.0,5778,93,104
43413,454.0,5818,96,106
44305,452.0,5858,98,107
45216,450.0,5898,100,109
46082,450.0,5938,103,110
46844,449.0,5978,104,112
47465,447.0,6018,106,113
48240,445.0,6058,108,114
49507,443.0,6098,112,116
51208,441.0,6138,116,118
9,321.0,4948,0,39
4930,488.0,5275,10,47
8391,474.0,5315,18,53
9791,470.0,5355,21,55
11211,468.0,5395,24,57
12341,466.0,5435,26,58
13398,463.0,5475,29,60
14450,460.0,5515,31,67
15958,459.0,5555,35,69
17654,458.0,5595,39,71
17976,457.0,5635,39,72
18815,456.0,5675,41,73
19735,455.0,5715,43,75
20592,453.0,5755,45,76
21561,454.0,5795,48,78
22369,454.0,5835,49,79
23567,454.0,5875,52,81
24484,454.0,5915,54,83
25657,452.0,5955,57,84
26303,451.0,5995,58,86
27031,451.0,6035,60,87
27939,450.0,6075,62,89
28824,447.0,6115,64,100
30100,446.0,6155,67,102
30910,446.0,6195,69,103
31670,446.0,6235,71,105
32171,442.0,6275,73,106
32966,441.0,6315,75,107
33962,441.0,6355,77,109
35041,440.0,6395,80,110
35964,439.0,6435,82,112
36612,439.0,6475,83,113
37228,438.0,6515,85,115
38382,436.0,6555,88,116
39254,437.0,6595,90,118
40507,436.0,6635,93,119
41339,437.0,6675,95,121
42026,436.0,6715,96,122
43233,436.0,6755,99,124
44166,435.0,6795,102,126
45005,435.0,6835,104,127
45572,433.0,6875,105,128
46257,433.0,6915,107,130
46991,433.0,6955,109,131
47749,433.0,6995,110,132
48630,433.0,7035,112,134
49023,433.0,7075,113,135
49568,432.0,7115,115,136
50179,432.0,7155,116,137
51132,432.0,7195,118,139
52304,432.0,7235,121,141
53020,432.0,7275,123,142
53354,432.0,7315,123,143
53800,432.0,7355,124,144
54809,432.0,7395,127,146
55693,431.0,7435,129,147
56727,430.0,7475,132,149
57460,430.0,7515,134,150
58170,430.0,7555,135,152
59423,427.0,7595,139,173
60273,426.0,7635,141,175
61114,426.0,7675,143,176
61595,425.0,7715,145,177
62557,425.0,7755,147,179
63575,425.0,7795,149,181
64822,424.0,7835,153,182
775,457.0,5219,2,41
4034,483.0,5274,8,46
5494,470.0,5314,12,48
7373,464.0,5354,16,53
8821,459.0,5394,19,55
10624,457.0,5434,23,57
11731,454.0,5474,26,59
12847,452.0,5514,28,60
14267,450.0,5554,32,67
15037,450.0,5594,33,69
16057,447.0,5634,36,70
16828,447.0,5674,38,72
17729,446.0,5714,40,73
18276,446.0,5754,41,74
19657,446.0,5794,44,76
20395,445.0,5834,46,78
21360,443.0,5874,48,79
22278,442.0,5914,50,81
23203,442.0,5954,52,82
24083,442.0,5994,55,84
25180,442.0,6034,57,85
26175,441.0,6074,59,87
26987,439.0,6114,61,88
27815,440.0,6154,63,90
29126,440.0,6194,66,102
29694,441.0,6234,67,103
30256,440.0,6274,69,104
31491,439.0,6314,72,106
32442,439.0,6354,74,107
33506,440.0,6394,76,109
33748,439.0,6434,77,110
34544,439.0,6474,79,111
35488,437.0,6514,81,113
36451,437.0,6554,83,114
37068,437.0,6594,85,116
37592,437.0,6634,86,117
38561,437.0,6674,88,118
39237,438.0,6714,90,120
40237,436.0,6754,92,121
40940,436.0,6794,94,123
41613,436.0,6834,95,124
42213,437.0,6874,97,125
42706,437.0,6914,98,127
43342,437.0,6954,99,128
44365,437.0,6994,101,129
45162,437.0,7034,103,131
46314,438.0,7074,106,133
47296,438.0,7114,108,134
48073,438.0,7154,110,135
48728,438.0,7194,111,137
49804,438.0,7234,114,138
50637,438.0,7274,116,140
51837,438.0,7314,118,142
52936,438.0,7354,121,143
53508,438.0,7394,122,144
54088,438.0,7434,123,146
55098,438.0,7474,126,147
55695,438.0,7514,127,149
56409,438.0,7554,129,150
57188,438.0,7594,131,151
58221,438.0,7634,133,153
59254,439.0,7674,135,155
60311,439.0,7714,137,176
60956,439.0,7754,139,177
62265,438.0,7794,142,179
62959,438.0,7834,144,181
64271,439.0,7874,147,182
64846,439.0,7914,148,184
65655,439.0,7954,150,185
66110,439.0,7994,151,186
67211,439.0,8034,153,188
68286,439.0,8074,156,189
69227,439.0,8114,158,191
70104,439.0,8154,160,192
71069,439.0,8194,162,194
71623,439.0,8234,163,196
72667,439.0,8274,166,197
73306,438.0,8314,167,199
74713,438.0,8354,170,200
75331,438.0,8394,172,202
75907,439.0,8434,173,203
76754,439.0,8474,175,204
77514,439.0,8514,176,206
78727,439.0,8554,179,207
79534,439.0,8594,181,209
80072,438.0,8634,183,210
80814,438.0,8674,184,211
81297,438.0,8714,186,213
82668,438.0,8754,189,214
83509,437.0,8794,191,216
84178,436.0,8834,193,217
85161,437.0,8874,195,219
86016,437.0,8914,197,220
86734,437.0,8954,199,222
87463,436.0,8994,201,223
88465,436.0,9034,203,225
89228,436.0,9074,205,226
90101,436.0,9114,207,227
90466,436.0,9154,208,228
91657,436.0,9194,210,230
92624,436.0,9234,213,232
93148,436.0,9274,214,233
93958,436.0,9314,216,234
94937,435.0,9354,218,236
95412,435.0,9394,219,237
96055,435.0,9434,221,238
96705,435.0,9474,222,240
98123,435.0,9514,225,242
98425,435.0,9554,226,243
99273,435.0,9594,228,244
99724,435.0,9634,229,245
100588,435.0,9674,231,247
101441,435.0,9714,233,248
102107,435.0,9754,235,249
102413,435.0,9794,235,250
103271,435.0,9834,237,252
104305,435.0,9874,240,254
105076,435.0,9914,242,255
105981,435.0,9954,244,256
106938,434.0,9994,246,258
107840,434.0,10034,248,259
108397,434.0,10074,250,261
109162,434.0,10114,252,262
109583,434.0,10154,253,263
110363,434.0,10194,254,265
111181,434.0,10234,256,266
111607,434.0,10274,257,267
112578,433.0,10314,260,269
113456,433.0,10354,262,270
114585,433.0,10394,265,272
115117,433.0,10434,266,273
115524,433.0,10474,267,274
116140,433.0,10514,268,275
116849,432.0,10554,270,277
118073,432.0,10594,273,278
119157,432.0,10634,276,280
120251,432.0,10674,279,282
121078,432.0,10714,280,283
121832,431.0,10754,283,325
122717,431.0,10794,285,326
123397,431.0,10834,286,327
124421,431.0,10874,289,329
125039,431.0,10914,290,330
125608,431.0,10954,292,332
126691,430.0,10994,294,333
127947,430.0,11034,297,335
128955,430.0,11074,300,337
130006,430.0,11114,302,338
130515,430.0,11154,303,339
131745,430.0,11194,306,341
132793,430.0,11234,309,343
133928,430.0,11274,312,344
135190,430.0,11314,315,346
136031,430.0,11354,317,348
136544,430.0,11394,318,349
137957,430.0,11434,321,351
138721,429.0,11474,323,352
139801,429.0,11514,326,354
140446,428.0,11554,328,355
141265,428.0,11594,330,356
141984,428.0,11634,332,358
143122,427.0,11674,335,360
143866,427.0,11714,337,361
144489,426.0,11754,339,362
145021,426.0,11794,340,363
145897,426.0,11834,342,365
146874,426.0,11874,344,366
147561,426.0,11914,346,368
148450,426.0,11954,348,369
149005,426.0,11994,350,370
150079,426.0,12034,352,372
150742,426.0,12074,354,373
152004,426.0,12114,357,375
152995,426.0,12154,359,377
153952,426.0,12194,361,378
154418,426.0,12234,362,379
155378,426.0,12274,365,381
156072,426.0,12314,366,382
156614,426.0,12354,368,384
157630,426.0,12394,370,385
158198,426.0,12434,372,386
159176,426.0,12474,374,388
159932,426.0,12514,376,389
160880,425.0,12554,378,391
162022,425.0,12594,381,392
163027,425.0,12634,384,394
163443,425.0,12674,385,395
164117,425.0,12714,386,397
164921,425.0,12754,388,398
165625,425.0,12794,390,399
166129,424.0,12834,391,400
166851,424.0,12874,393,402
167960,424.0,12914,396,403
168773,424.0,12954,398,405
169043,424.0,12994,399,406
170216,424.0,13034,402,408
171004,424.0,13074,403,409
172200,424.0,13114,406,411
172832,424.0,13154,408,412
173780,424.0,13194,410,414
174319,424.0,13234,411,415
175577,424.0,13274,414,417
176738,424.0,13314,417,418
177583,424.0,13354,419,420
178188,424.0,13394,420,421
179053,424.0,13434,422,422
179921,424.0,13474,424,424
180423,424.0,13514,425,425
181361,424.0,13554,427,427
182415,424.0,13594,430,428
183493,424.0,13634,433,430
184083,424.0,13674,434,431
184988,424.0,13714,437,433
185814,424.0,13754,439,434
186828,424.0,13794,441,436
187524,424.0,13834,443,437
188446,424.0,13874,445,439
189331,423.0,13914,447,440
190390,423.0,13954,450,442
191051,423.0,13994,452,443
191932,423.0,14034,454,444
192961,423.0,14074,456,446
193494,423.0,14114,457,447
194164,423.0,14154,459,449
194918,423.0,14194,461,450
195586,423.0,14234,462,451
196391,423.0,14274,464,453
196949,423.0,14314,466,454
198076,423.0,14354,468,455
198693,423.0,14394,470,457
199348,423.0,14434,472,458
199941,423.0,14474,473,459
200707,423.0,14514,475,461
201277,423.0,14554,476,462
202141,423.0,14594,478,463
202817,422.0,14634,481,465
203701,422.0,14674,483,466
204834,422.0,14714,485,468
205422,422.0,14754,487,469
206107,422.0,14794,488,470
206955,422.0,14834,491,472
208118,422.0,14874,493,473
209104,422.0,14914,496,475
209672,422.0,14954,497,476
210426,422.0,14994,499,478
211542,422.0,15034,502,479
212254,421.0,15074,504,481
212796,421.0,15114,505,482
213661,421.0,15154,507,483
214238,421.0,15194,508,485
214678,422.0,15234,509,486
215151,421.0,15274,511,487
216087,421.0,15314,513,488
216632,421.0,15354,514,490
217774,421.0,15394,517,491
219121,421.0,15434,520,493
220281,421.0,15474,523,495
220756,421.0,15514,525,496
221748,421.0,15554,527,498
222558,421.0,15594,529,499
223104,421.0,15634,530,500
223832,421.0,15674,532,502
224616,421.0,15714,534,503
225663,421.0,15754,536,505
226196,421.0,15794,538,506
227109,421.0,15834,540,507
227857,421.0,15874,542,509
228794,421.0,15914,544,510
229683,420.0,15954,546,512
230697,420.0,15994,549,513
231137,420.0,16034,550,514
231873,420.0,16074,552,516
232717,420.0,16114,554,517
233475,420.0,16154,556,519
234446,420.0,16194,559,520
235256,420.0,16234,561,522
236652,420.0,16274,564,523
237915,419.0,16314,567,605
238947,419.0,16354,570,607
240423,419.0,16394,573,609
241480,419.0,16434,576,611
242241,419.0,16474,578,612
243127,419.0,16514,580,614
243821,419.0,16554,582,615
244720,419.0,16594,584,617
245595,419.0,16634,586,618
246766,419.0,16674,589,620
247642,419.0,16714,591,621
248477,419.0,16754,593,623
249149,419.0,16794,595,624
250205,419.0,16834,597,626
251155,419.0,16874,600,627
252237,419.0,16914,602,629
253144,419.0,16954,605,630
253779,419.0,16994,606,632
254347,419.0,17034,608,633
255398,419.0,17074,610,635
256178,419.0,17114,612,636
257349,419.0,17154,615,638
258103,419.0,17194,616,639
259049,419.0,17234,619,641
259589,419.0,17274,620,642
260168,419.0,17314,622,643
261320,418.0,17354,624,645
262161,418.0,17394,627,646
262654,418.0,17434,628,647
263549,418.0,17474,630,649
264595,418.0,17514,632,651
265304,418.0,17554,634,652
265728,418.0,17594,636,653
266686,418.0,17634,638,655
267371,418.0,17674,639,656
268070,418.0,17714,641,657
268777,418.0,17754,643,659
269617,418.0,17794,645,660
270766,418.0,17834,648,662
271572,418.0,17874,649,663
273059,418.0,17914,653,665
274057,418.0,17954,655,667
274857,418.0,17994,657,668
276583,418.0,18034,662,670
277289,418.0,18074,664,671
278474,418.0,18114,667,673
278990,417.0,18154,668,674
279810,417.0,18194,671,676
280542,417.0,18234,673,677
281148,417.0,18274,674,678
281872,417.0,18314,676,680
282851,417.0,18354,679,681
283532,416.0,18394,681,683
284255,416.0,18434,683,684
285151,416.0,18474,686,685
286172,416.0,18514,688,687
286690,416.0,18554,690,688
287566,416.0,18594,692,690
287925,415.0,18634,693,691
289380,415.0,18674,697,693
289925,415.0,18714,698,694
290517,415.0,18754,700,695
291189,415.0,18794,702,697
291891,415.0,18834,703,698
292345,415.0,18874,704,699
292992,415.0,18914,706,700
293985,415.0,18954,708,702
294920,415.0,18994,711,703
296170,415.0,19034,714,705
297056,415.0,19074,716,707
297570,415.0,19114,718,708
299245,414.0,19154,722,710
299745,414.0,19194,724,711
300578,414.0,19234,726,712
301308,414.0,19274,728,714
302098,414.0,19314,730,715
302836,413.0,19354,732,717
303831,413.0,19394,735,718
304728,413.0,19434,738,720
305499,413.0,19474,740,721
306283,413.0,19514,742,722
307195,413.0,19554,744,724
308024,413.0,19594,747,725
308759,413.0,19634,748,727
309514,412.0,19674,750,728
310154,412.0,19714,752,729
311286,412.0,19754,755,731
312597,412.0,19794,759,733
313369,412.0,19834,761,734
313840,412.0,19874,763,735
315223,411.0,19914,766,737
315627,411.0,19954,767,738
316258,411.0,19994,769,740
316621,411.0,20034,770,741
317341,411.0,20074,772,742
318554,411.0,20114,774,744
319308,411.0,20154,776,745
320459,411.0,20194,779,747
320968,411.0,20234,780,748
322379,411.0,20274,784,750
323326,411.0,20314,787,751
324118,411.0,20354,789,753
325025,411.0,20394,791,754
325637,411.0,20434,793,756
326628,411.0,20474,795,757
327533,411.0,20514,798,759
328384,410.0,20554,800,760
329382,410.0,20594,803,762
330473,410.0,20634,806,763
331293,410.0,20674,808,765
332246,410.0,20714,810,766
332674,410.0,20754,811,767
333530,410.0,20794,813,769
334298,410.0,20834,816,770
335080,410.0,20874,818,772
336391,409.0,20914,822,774
337798,409.0,20954,825,775
338424,409.0,20994,827,777
338886,409.0,21034,828,778
340342,409.0,21074,832,780
340999,409.0,21114,834,781
341669,409.0,21154,835,782
342524,409.0,21194,838,784
343557,409.0,21234,840,786
344224,409.0,21274,842,787
344982,409.0,21314,844,788
345756,409.0,21354,846,790
346502,409.0,21394,848,791
347275,408.0,21434,850,792
348461,408.0,21474,854,794
349334,408.0,21514,856,796
349830,408.0,21554,857,797
350345,408.0,21594,859,798
351016,408.0,21634,860,799
351869,408.0,21674,863,801
352345,408.0,21714,865,802
353330,408.0,21754,867,804
354264,407.0,21794,869,805
355852,407.0,21834,874,807
356379,407.0,21874,875,808
356882,407.0,21914,877,810
358200,407.0,21954,880,811
358907,407.0,21994,882,813
359846,407.0,22034,884,814
360363,407.0,22074,886,815
360852,407.0,22114,887,817
361179,407.0,22154,888,818
361957,406.0,22194,891,819
362455,406.0,22234,892,820
363028,406.0,22274,893,821
363721,406.0,22314,895,823
364702,406.0,22354,898,824
365744,406.0,22394,901,826
366497,406.0,22434,903,827
367752,406.0,22474,906,829
368849,406.0,22514,909,831
370166,406.0,22554,913,833
370852,406.0,22594,914,834
371333,406.0,22634,915,835
372446,406.0,22674,918,837
373271,406.0,22714,920,838
374040,406.0,22754,922,840
375242,405.0,22794,925,841
375475,405.0,22834,926,842
375997,405.0,22874,927,844
376845,405.0,22914,930,845
377715,405.0,22954,933,846
378913,405.0,22994,936,848
379390,405.0,23034,937,849
379978,405.0,23074,939,850
380939,405.0,23114,941,852
381805,405.0,23154,943,853
382998,405.0,23194,946,855
383463,405.0,23234,948,856
383952,405.0,23274,949,858
385036,404.0,23314,952,859
385927,404.0,23354,954,861
386638,404.0,23394,956,862
387480,404.0,23434,958,863
388551,404.0,23474,961,865
389556,404.0,23514,964,867
390270,404.0,23554,966,868
390680,404.0,23594,967,869
391529,404.0,23634,969,871
392490,404.0,23674,972,872
393072,404.0,23714,973,873
393685,404.0,23754,975,875
395013,404.0,23794,978,876
396133,403.0,23834,982,878
396715,403.0,23874,984,879
397243,403.0,23914,985,881
397945,403.0,23954,987,882
398677,403.0,23994,989,883
399381,403.0,24034,991,885
400189,403.0,24074,993,886
401042,403.0,24114,996,887
401742,403.0,24154,998,889
402637,403.0,24194,1000,890
403511,403.0,24234,1002,892
404508,402.0,24274,1005,893
405388,402.0,24314,1007,895
406380,402.0,24354,1010,896
406895,402.0,24394,1012,898
408122,402.0,24434,1015,899
409472,402.0,24474,1018,901
410069,402.0,24514,1020,902
410405,402.0,24554,1021,903
411589,402.0,24594,1024,905
412264,402.0,24634,1026,906
413442,402.0,24674,1029,908
414019,402.0,24714,1031,909
415054,402.0,24754,1034,911
415967,401.0,24794,1036,913
416539,401.0,24834,1038,914
416933,401.0,24874,1039,915
417386,401.0,24914,1040,916
417799,401.0,24954,1041,917
418961,401.0,24994,1044,919
419627,401.0,25034,1046,920
420194,401.0,25074,1048,921
421312,401.0,25114,1051,923
422403,401.0,25154,1054,925
423543,401.0,25194,1057,926
424671,401.0,25234,1060,928
425819,401.0,25274,1063,930
426275,400.0,25314,1064,931
427493,400.0,25354,1068,933
428449,400.0,25394,1070,934
429035,400.0,25434,1072,935
429487,400.0,25474,1073,936
430223,400.0,25514,1075,938
430927,400.0,25554,1077,939
431774,400.0,25594,1079,941
432673,400.0,25634,1082,942
433359,400.0,25674,1084,944
434299,400.0,25714,1086,945
435169,400.0,25754,1088,946
435755,400.0,25794,1089,948
436300,400.0,25834,1091,949
436900,400.0,25874,1092,950
437367,400.0,25914,1094,951
438333,400.0,25954,1096,953
438922,400.0,25994,1098,954
439405,400.0,26034,1099,955
440480,400.0,26074,1102,957
441118,400.0,26114,1104,958
441930,400.0,26154,1106,960
442672,400.0,26194,1108,961
443271,399.0,26234,1110,962
444094,399.0,26274,1112,964
444931,399.0,26314,1114,965
445845,399.0,26354,1116,967
446984,399.0,26394,1119,968
447795,399.0,26434,1121,970
448953,399.0,26474,1125,972
449724,399.0,26514,1127,973
450919,399.0,26554,1130,975
451519,399.0,26594,1132,976
452109,399.0,26634,1134,977
452548,399.0,26674,1135,978
453675,399.0,26714,1138,980
454440,399.0,26754,1140,981
455324,399.0,26794,1142,983
455803,399.0,26834,1143,984
456323,399.0,26874,1145,985
457247,399.0,26914,1147,987
457844,399.0,26954,1149,988
458616,398.0,26994,1151,989
459301,398.0,27034,1153,991
460963,398.0,27074,1157,993
461929,398.0,27114,1160,994
462375,398.0,27154,1161,995
463012,398.0,27194,1163,997
463960,398.0,27234,1166,998
464413,398.0,27274,1167,999
465295,398.0,27314,1169,1001
466268,398.0,27354,1172,1002
467249,398.0,27394,1174,1004
467975,398.0,27434,1177,1005
468606,397.0,27474,1180,1007
166,437.0,4599,0,39
2481,467.0,5242,5,43
4130,461.0,5282,9,47
6184,444.0,5322,14,49
7129,440.0,5362,16,53
8736,439.0,5402,20,55
9633,441.0,5442,22,57
10267,441.0,5482,23,58
11342,442.0,5522,26,60
25017,461.0,5562,54,70
32477,463.0,5602,70,87
34437,463.0,5642,74,90
37381,466.0,5682,80,91
42084,467.0,5722,90,95
43464,467.0,5762,93,97
45481,464.0,5802,98,100
47371,464.0,5842,102,102
48710,464.0,5882,105,104
50998,463.0,5922,110,107
51987,463.0,5962,112,108
53323,462.0,6002,115,110
54220,462.0,6042,117,111
55116,461.0,6082,119,113
56154,461.0,6122,122,135
57029,461.0,6162,124,136
57862,461.0,6202,126,138
59197,460.0,6242,129,139
59722,460.0,6282,130,141
60618,459.0,6322,132,142
61613,459.0,6362,134,144
63872,458.0,6402,139,146
64674,458.0,6442,141,148
65987,457.0,6482,144,149
67164,457.0,6522,147,151
68110,456.0,6562,149,153
69097,456.0,6602,151,154
69612,456.0,6642,153,155
70998,455.0,6682,156,157
71826,454.0,6722,158,159
72544,453.0,6762,160,160
73452,452.0,6802,162,162
74446,452.0,6842,165,163
75486,452.0,6882,167,165
77207,451.0,6922,171,167
78417,450.0,6962,174,169
79407,450.0,7002,177,170
80417,450.0,7042,179,172
81551,449.0,7082,181,174
82939,449.0,7122,185,175
83609,448.0,7162,187,177
84206,448.0,7202,188,178
85287,448.0,7242,190,180
86013,448.0,7282,192,181
87022,448.0,7322,194,183
88056,448.0,7362,197,184
88853,448.0,7402,198,186
89945,448.0,7442,201,187
91200,448.0,7482,204,189
92073,448.0,7522,206,191
93609,447.0,7562,209,193
94418,447.0,7602,211,194
95139,447.0,7642,213,195
96084,446.0,7682,215,197
97674,446.0,7722,219,199
97985,446.0,7762,220,200
98981,445.0,7802,222,202
99757,445.0,7842,224,203
100651,445.0,7882,226,204
101590,445.0,7922,228,206
102186,445.0,7962,229,207
103901,444.0,8002,234,209
104804,444.0,8042,236,211
105742,444.0,8082,238,212
106652,444.0,8122,240,214
107594,444.0,8162,242,215
108163,444.0,8202,243,217
109110,444.0,8242,246,218
110335,444.0,8282,248,220
111012,444.0,8322,250,221
111483,444.0,8362,251,223
112597,443.0,8402,254,224
113299,443.0,8442,256,226
114038,443.0,8482,257,227
115782,443.0,8522,261,229
116944,443.0,8562,264,231
118036,443.0,8602,266,232
118821,442.0,8642,269,274
119601,442.0,8682,270,275
120237,442.0,8722,272,277
120700,442.0,8762,273,278
121669,442.0,8802,275,279
122781,442.0,8842,278,281
124309,442.0,8882,282,283
125064,441.0,8922,283,284
126196,441.0,8962,286,286
126914,441.0,9002,288,287
127453,441.0,9042,289,288
127937,441.0,9082,290,289
128695,441.0,9122,292,291
129452,441.0,9162,294,292
130158,441.0,9202,295,294
131338,441.0,9242,298,295
132147,441.0,9282,300,297
132763,440.0,9322,301,298
133905,440.0,9362,304,300
134425,440.0,9402,305,301
135077,440.0,9442,307,302
136514,440.0,9482,310,304
137327,440.0,9522,312,305
138655,440.0,9562,315,307
139787,439.0,9602,318,309
140367,439.0,9642,320,310
140937,439.0,9682,321,311
141879,439.0,9722,323,313
142281,439.0,9762,324,314
142693,439.0,9802,325,315
143671,439.0,9842,327,317
144021,439.0,9882,328,318
144779,439.0,9922,330,319
145806,438.0,9962,333,321
146391,438.0,10002,334,322
147906,438.0,10042,338,324
148716,438.0,10082,340,325
149388,438.0,10122,341,326
150131,438.0,10162,343,328
150543,437.0,10202,344,329
151309,437.0,10242,346,330
152562,437.0,10282,349,332
153175,437.0,10322,350,333
154019,437.0,10362,352,335
154985,437.0,10402,355,336
156116,437.0,10442,358,338
156839,436.0,10482,359,339
158125,436.0,10522,363,341
159323,436.0,10562,365,343
160169,436.0,10602,368,344
160461,436.0,10642,368,345
160901,436.0,10682,369,346
162034,435.0,10722,372,348
163561,435.0,10762,376,350
164562,435.0,10802,378,352
165946,435.0,10842,382,354
166783,435.0,10882,384,355
168011,435.0,10922,387,357
168868,435.0,10962,389,358
169594,434.0,11002,390,360
170421,434.0,11042,392,361
171912,434.0,11082,396,363
172238,434.0,11122,397,364
173213,434.0,11162,399,366
174448,434.0,11202,402,367
175481,434.0,11242,405,369
176875,434.0,11282,408,371
177533,433.0,11322,410,372
178823,433.0,11362,413,374
179611,433.0,11402,415,375
180767,433.0,11442,417,377
181930,433.0,11482,420,379
183141,433.0,11522,423,380
183878,433.0,11562,425,382
184808,433.0,11602,427,383
185418,433.0,11642,428,384
186018,433.0,11682,430,386
186463,433.0,11722,431,387
187109,433.0,11762,433,388
188030,433.0,11802,435,390
188867,433.0,11842,436,391
189944,433.0,11882,439,393
190617,433.0,11922,440,394
191410,433.0,11962,442,395
192842,433.0,12002,446,397
194472,432.0,12042,450,399
195053,432.0,12082,451,401
195790,432.0,12122,453,402
196416,432.0,12162,455,403
197245,432.0,12202,457,405
197709,432.0,12242,458,406
198526,431.0,12282,460,407
199872,431.0,12322,463,409
200638,431.0,12362,466,411
201256,431.0,12402,467,412
202480,431.0,12442,470,413
204099,431.0,12482,474,416
204931,430.0,12522,476,417
205979,430.0,12562,478,419
206710,430.0,12602,480,420
207224,430.0,12642,482,421
208315,430.0,12682,484,423
209243,430.0,12722,486,424
209966,430.0,12762,488,426
210412,430.0,12802,489,427
211020,430.0,12842,491,428
211951,430.0,12882,493,430
212972,430.0,12922,496,431
213384,430.0,12962,496,432
214184,430.0,13002,498,434
214565,430.0,13042,499,435
215416,430.0,13082,501,436
216056,430.0,13122,503,437
217094,429.0,13162,505,439
217568,429.0,13202,507,440
218125,429.0,13242,508,441
219105,429.0,13282,510,443
219853,429.0,13322,512,444
220835,429.0,13362,514,446
221538,429.0,13402,516,447
222542,429.0,13442,518,449
223825,429.0,13482,521,451
224596,429.0,13522,523,452
225319,429.0,13562,525,453
226153,429.0,13602,527,455
226865,429.0,13642,529,456
228185,429.0,13682,532,458
229497,428.0,13722,536,460
229972,428.0,13762,537,461
231142,428.0,13802,540,462
231981,428.0,13842,542,464
232877,428.0,13882,544,465
233749,428.0,13922,546,467
234724,428.0,13962,548,469
235285,428.0,14002,550,470
236469,428.0,14042,553,471
237022,428.0,14082,554,473
237771,428.0,14122,556,474
238816,428.0,14162,559,476
239526,427.0,14202,560,477
240667,427.0,14242,563,479
241061,427.0,14282,564,480
241588,427.0,14322,566,481
242177,427.0,14362,567,562
242854,427.0,14402,569,563
243272,427.0,14442,570,565
243937,427.0,14482,571,566
244726,427.0,14522,573,567
245559,427.0,14562,575,569
246469,427.0,14602,577,570
247253,427.0,14642,579,572
248184,427.0,14682,582,573
249089,427.0,14722,584,575
249443,426.0,14762,585,576
250428,426.0,14802,587,577
251880,426.0,14842,591,579
252444,426.0,14882,592,580
253275,426.0,14922,594,582
254257,426.0,14962,597,583
255100,426.0,15002,599,585
255662,426.0,15042,600,586
256535,426.0,15082,602,587
257303,426.0,15122,604,589
258092,426.0,15162,606,590
258871,426.0,15202,608,592
259505,426.0,15242,609,593
260495,426.0,15282,612,594
261395,426.0,15322,614,596
262306,426.0,15362,616,597
263617,426.0,15402,620,599
264301,425.0,15442,621,601
265253,425.0,15482,624,602
266453,425.0,15522,626,604
267544,425.0,15562,629,605
268275,425.0,15602,631,607
268853,425.0,15642,632,608
269593,425.0,15682,634,609
270279,425.0,15722,636,611
270788,425.0,15762,637,612
272039,425.0,15802,640,614
272954,425.0,15842,642,615
273903,425.0,15882,644,617
274889,425.0,15922,647,618
275796,425.0,15962,649,620
276590,425.0,16002,651,621
277366,425.0,16042,653,623
278588,425.0,16082,656,624
279319,425.0,16122,658,626
280227,425.0,16162,660,627
280982,425.0,16202,662,629
281664,425.0,16242,663,630
282367,424.0,16282,665,631
283369,425.0,16322,668,633
284911,424.0,16362,671,635
285726,424.0,16402,673,637
286044,424.0,16442,674,638
287080,424.0,16482,677,639
287809,424.0,16522,678,641
288253,424.0,16562,680,642
288881,424.0,16602,681,643
289809,424.0,16642,683,645
291118,424.0,16682,686,646
291698,424.0,16722,688,648
292892,424.0,16762,690,649
293765,424.0,16802,692,651
295429,424.0,16842,697,653
296014,424.0,16882,698,654
296962,424.0,16922,700,656
297856,424.0,16962,703,657
298671,424.0,17002,704,659
299605,424.0,17042,707,660
300242,424.0,17082,708,661
300944,424.0,17122,710,663
301746,424.0,17162,712,664
302588,424.0,17202,714,666
303438,424.0,17242,716,667
303772,424.0,17282,717,668
304313,424.0,17322,718,669
305574,424.0,17362,722,671
306646,423.0,17402,724,673
307428,423.0,17442,726,674
307959,423.0,17482,728,675
308894,423.0,17522,730,677
309978,423.0,17562,732,678
311127,423.0,17602,735,680
312549,423.0,17642,739,682
313646,423.0,17682,741,684
314447,423.0,17722,743,685
315199,423.0,17762,745,686
315908,423.0,17802,747,688
316643,423.0,17842,749,689
317728,423.0,17882,751,691
318637,423.0,17922,754,692
319595,423.0,17962,756,694
320186,422.0,18002,758,695
320763,422.0,18042,759,696
321557,422.0,18082,762,698
322520,422.0,18122,764,699
324101,422.0,18162,768,701
324982,422.0,18202,770,703
325991,422.0,18242,772,704
326468,422.0,18282,774,705
327535,422.0,18322,776,707
328125,422.0,18362,778,708
328716,422.0,18402,779,709
329579,422.0,18442,781,711
330243,422.0,18482,783,712
331170,422.0,18522,785,714
331405,422.0,18562,785,715
331863,422.0,18602,787,716
332482,422.0,18642,788,717
333091,422.0,18682,790,718
334433,422.0,18722,793,720
335391,422.0,18762,796,722
336345,422.0,18802,798,723
337397,421.0,18842,800,725
338194,421.0,18882,803,726
338725,421.0,18922,804,728
339600,421.0,18962,806,729
340054,421.0,19002,807,730
340823,421.0,19042,809,732
341337,421.0,19082,811,733
342232,421.0,19122,813,734
343675,421.0,19162,816,736
344667,421.0,19202,819,738
345057,421.0,19242,820,739
345645,421.0,19282,821,740
346326,421.0,19322,823,742
347436,421.0,19362,826,743
347980,421.0,19402,827,744
348567,421.0,19442,829,746
349496,421.0,19482,831,747
350205,421.0,19522,833,748
351606,421.0,19562,836,750
352513,420.0,19602,838,752
353195,421.0,19642,840,753
354059,421.0,19682,842,755
355084,420.0,19722,844,756
355738,420.0,19762,846,757
356585,420.0,19802,848,759
357185,420.0,19842,850,760
358039,420.0,19882,852,762
359190,420.0,19922,855,763
360351,420.0,19962,858,765
360855,420.0,20002,859,766
361982,420.0,20042,861,768
362729,420.0,20082,863,769
363547,420.0,20122,865,771
364005,420.0,20162,866,772
364695,420.0,20202,868,773
365899,420.0,20242,872,775
366622,420.0,20282,873,776
367134,420.0,20322,875,777
367809,420.0,20362,877,779
368466,420.0,20402,878,780
369299,419.0,20442,880,781
370141,419.0,20482,882,783
370685,419.0,20522,884,784
371842,419.0,20562,886,786
372973,419.0,20602,889,787
373672,419.0,20642,891,789
374383,419.0,20682,893,790
375415,419.0,20722,895,792
376483,419.0,20762,898,793
377974,419.0,20802,901,795
379108,419.0,20842,904,797
379957,419.0,20882,906,798
381426,419.0,20922,910,800
382302,419.0,20962,912,802
383020,419.0,21002,914,803
383978,419.0,21042,916,805
384953,419.0,21082,918,806
385548,419.0,21122,920,807
386395,419.0,21162,921,809
387613,419.0,21202,924,811
388129,419.0,21242,925,812
388921,419.0,21282,927,813
389653,419.0,21322,929,815
390352,419.0,21362,931,816
391174,419.0,21402,933,817
391606,419.0,21442,934,818
392485,419.0,21482,936,820
394016,419.0,21522,940,822
394574,419.0,21562,941,823
395578,419.0,21602,944,825
396802,419.0,21642,947,826
397953,419.0,21682,950,828
398733,419.0,21722,952,830
399280,419.0,21762,953,831
400494,419.0,21802,956,833
401239,419.0,21842,958,834
401777,419.0,21882,959,835
402318,419.0,21922,961,836
402629,419.0,21962,962,837
403695,419.0,22002,964,839
404364,419.0,22042,966,840
404837,419.0,22082,967,841
405756,419.0,22122,969,843
406446,419.0,22162,970,844
407238,419.0,22202,972,846
407714,419.0,22242,973,847
408605,419.0,22282,975,848
409228,419.0,22322,977,850
409946,419.0,22362,979,851
410885,419.0,22402,981,852
411994,419.0,22442,984,854
412826,419.0,22482,986,856
413438,419.0,22522,987,857
414480,419.0,22562,990,858
415546,419.0,22602,993,860
416333,419.0,22642,995,861
417180,418.0,22682,997,863
418166,418.0,22722,999,864
419026,418.0,22762,1002,866
420053,418.0,22802,1004,867
421440,418.0,22842,1008,869
422217,418.0,22882,1010,871
423122,418.0,22922,1012,872
423902,418.0,22962,1015,873
424742,418.0,23002,1017,875
425689,417.0,23042,1020,876
426415,417.0,23082,1021,878
427628,417.0,23122,1025,880
428648,417.0,23162,1027,881
429277,417.0,23202,1029,882
429792,417.0,23242,1030,884
430345,417.0,23282,1032,885
430950,417.0,23322,1033,886
431692,417.0,23362,1035,887
432382,417.0,23402,1037,889
432998,417.0,23442,1039,890
433662,417.0,23482,1040,891
434404,417.0,23522,1042,893
435146,417.0,23562,1044,894
435647,417.0,23602,1045,895
436437,417.0,23642,1048,897
437394,417.0,23682,1050,898
437922,416.0,23722,1052,899
439523,416.0,23762,1056,901
440541,416.0,23802,1059,903
441580,416.0,23842,1062,905
442235,416.0,23882,1064,906
443055,416.0,23922,1066,907
443724,416.0,23962,1067,909
444432,416.0,24002,1069,910
445319,415.0,24042,1072,912
446352,415.0,24082,1075,913
446945,415.0,24122,1076,914
447474,415.0,24162,1078,916
448470,415.0,24202,1080,917
449105,415.0,24242,1082,918
449651,415.0,24282,1083,920
450464,415.0,24322,1085,921
450835,415.0,24362,1086,922
451430,415.0,24402,1087,923
452000,415.0,24442,1089,925
452497,415.0,24482,1090,926
453363,415.0,24522,1092,927
454276,415.0,24562,1094,929
454846,415.0,24602,1096,930
455521,415.0,24642,1098,931
456581,415.0,24682,1100,933
457592,415.0,24722,1103,935
458322,415.0,24762,1105,936
459526,415.0,24802,1108,938
460210,415.0,24842,1109,939
460606,415.0,24882,1110,940
461284,415.0,24922,1112,941
461679,415.0,24962,1113,942
462388,415.0,25002,1115,944
463469,415.0,25042,1118,945
463934,415.0,25082,1119,947
464672,415.0,25122,1121,948
465136,415.0,25162,1122,949
465788,415.0,25202,1123,950
466846,415.0,25242,1126,952
467430,415.0,25282,1127,953
468589,415.0,25322,1130,955
469107,415.0,25362,1132,956
470146,414.0,25402,1134,958
470960,414.0,25442,1136,959
471584,414.0,25482,1138,960
472634,414.0,25522,1140,962
473268,414.0,25562,1142,963
474196,414.0,25602,1144,965
475455,414.0,25642,1147,967
475911,414.0,25682,1148,968
476663,414.0,25722,1150,969
477350,414.0,25762,1152,970
477641,414.0,25802,1153,971
478631,414.0,25842,1155,973
480583,414.0,25882,1160,975
481299,414.0,25922,1161,977
482166,414.0,25962,1164,978
482860,414.0,26002,1165,979
483488,414.0,26042,1167,981
484180,414.0,26082,1169,982
484631,414.0,26122,1170,983
485284,414.0,26162,1171,984
486028,414.0,26202,1173,986
487206,414.0,26242,1176,988
5,258.0,4627,0,39
2214,457.0,5264,5,42
15306,468.0,5304,33,62
17786,465.0,5344,38,65
19101,466.0,5384,41,67
20616,460.0,5424,45,69
22039,458.0,5464,48,71
23369,457.0,5504,51,73
25551,456.0,5544,56,75
27136,456.0,5584,59,77
28129,455.0,5624,62,89
30036,454.0,5664,66,91
31240,454.0,5704,69,93
32184,453.0,5744,71,94
32774,453.0,5784,72,96
34163,453.0,5824,75,98
34588,452.0,5864,76,99
35582,452.0,5904,79,100
36490,451.0,5944,81,102
37727,451.0,5984,84,103
38551,451.0,6024,85,105
39533,451.0,6064,88,106
40271,451.0,6104,89,108
41940,450.0,6144,93,110
42709,450.0,6184,95,111
43932,450.0,6224,98,113
44622,449.0,6264,99,114
45277,449.0,6304,101,116
46306,448.0,6344,103,117
47272,448.0,6384,106,119
47837,447.0,6424,107,120
48848,446.0,6464,109,122
49621,446.0,6504,111,123
50370,446.0,6544,113,124
51643,446.0,6584,116,126
52529,446.0,6624,118,128
53306,445.0,6664,120,129
54244,445.0,6704,122,131
55281,445.0,6744,124,132
55822,445.0,6784,125,133
56592,444.0,6824,127,135
57844,443.0,6864,130,137
58705,443.0,6904,132,138
59227,443.0,6944,134,159
60142,442.0,6984,136,161
60779,442.0,7024,137,162
61736,442.0,7064,140,164
62784,442.0,7104,142,165
63645,442.0,7144,144,167
64786,442.0,7184,147,168
65533,442.0,7224,148,170
66887,442.0,7264,151,171
67697,442.0,7304,153,173
68557,442.0,7344,155,174
68943,442.0,7384,156,175
69965,441.0,7424,159,177
70654,441.0,7464,160,178
71506,441.0,7504,162,180
72212,441.0,7544,164,181
72986,441.0,7584,166,182
73491,441.0,7624,167,184
74921,441.0,7664,170,186
75679,440.0,7704,172,187
76409,440.0,7744,174,188
77079,440.0,7784,175,190
77916,440.0,7824,177,191
78471,439.0,7864,179,192
79694,438.0,7904,182,194
80367,438.0,7944,184,195
81215,437.0,7984,186,197
82243,437.0,8024,188,198
82965,437.0,8064,190,200
83792,437.0,8104,192,201
84601,437.0,8144,194,203
85926,437.0,8184,197,205
86731,437.0,8224,199,206
87275,437.0,8264,200,207
88333,437.0,8304,202,209
89026,437.0,8344,204,210
89461,436.0,8384,205,212
90451,437.0,8424,207,213
91189,436.0,8464,209,214
92005,437.0,8504,211,216
92353,436.0,8544,212,217
93586,436.0,8584,215,219
94843,436.0,8624,218,220
95545,436.0,8664,219,222
96121,436.0,8704,221,223
97208,436.0,8744,223,225
97961,436.0,8784,225,226
98261,436.0,8824,226,227
98725,436.0,8864,227,228
100407,435.0,8904,231,230
101267,435.0,8944,233,232
102247,435.0,8984,235,233
103316,435.0,9024,237,235
103785,435.0,9064,238,236
104549,435.0,9104,240,238
104977,435.0,9144,241,239
105573,435.0,9184,243,240
106752,435.0,9224,246,242
107431,435.0,9264,247,243
107915,434.0,9304,248,244
108969,434.0,9344,251,246
110331,434.0,9384,254,248
111084,434.0,9424,256,249
111927,434.0,9464,258,250
112855,434.0,9504,260,252
113513,434.0,9544,261,253
114243,434.0,9584,263,255
115095,434.0,9624,265,256
115963,434.0,9664,267,257
116641,434.0,9704,269,259
117486,435.0,9744,270,260
118773,434.0,9784,274,302
119376,434.0,9824,275,303
119850,434.0,9864,276,304
120257,434.0,9904,277,306
120767,434.0,9944,278,307
121915,434.0,9984,281,308
122650,434.0,10024,283,310
123184,434.0,10064,284,311
123784,434.0,10104,285,312
124411,434.0,10144,287,313
125188,433.0,10184,289,315
126739,433.0,10224,293,317
127397,433.0,10264,294,318
127869,433.0,10304,296,319
128792,433.0,10344,298,321
129347,433.0,10384,299,322
129888,433.0,10424,300,323
130835,433.0,10464,302,325
131705,433.0,10504,304,326
132431,433.0,10544,306,328
133155,433.0,10584,308,329
133900,433.0,10624,309,330
134482,433.0,10664,311,332
136129,433.0,10704,315,334
136921,433.0,10744,316,335
137640,433.0,10784,318,336
138736,433.0,10824,320,338
139674,433.0,10864,323,340
140710,433.0,10904,325,341
141318,433.0,10944,326,342
141913,433.0,10984,328,344
142716,433.0,11024,330,345
143351,433.0,11064,331,346
144160,433.0,11104,333,348
145534,433.0,11144,336,350
146700,432.0,11184,339,351
147539,432.0,11224,341,353
148441,432.0,11264,344,354
149328,432.0,11304,346,356
150274,432.0,11344,348,357
151279,432.0,11384,350,359
151735,432.0,11424,352,360
153126,432.0,11464,355,362
153524,432.0,11504,356,363
154599,431.0,11544,358,364
155551,431.0,11584,361,366
156460,431.0,11624,363,368
157281,431.0,11664,365,369
158235,431.0,11704,367,370
159377,431.0,11744,370,372
160140,431.0,11784,372,374
161149,431.0,11824,374,375
161906,431.0,11864,376,376
163061,430.0,11904,379,378
164200,430.0,11944,382,380
165009,430.0,11984,383,381
165511,430.0,12024,385,382
166415,430.0,12064,387,384
167238,430.0,12104,389,385
168063,430.0,12144,391,387
168841,430.0,12184,393,388
169530,430.0,12224,394,390
169943,430.0,12264,395,391
170579,430.0,12304,397,392
171143,430.0,12344,398,393
171859,430.0,12384,400,395
173027,430.0,12424,403,396
174032,429.0,12464,405,398
174671,429.0,12504,407,399
175308,429.0,12544,408,400
176210,429.0,12584,411,402
176980,429.0,12624,412,403
178448,429.0,12664,416,405
179346,429.0,12704,418,407
180330,429.0,12744,420,408
181103,429.0,12784,422,410
182197,429.0,12824,425,411
182830,429.0,12864,426,412
183722,429.0,12904,428,414
184665,429.0,12944,431,415
185443,428.0,12984,433,417
186445,428.0,13024,435,418
187075,428.0,13064,437,420
188368,428.0,13104,440,421
189108,428.0,13144,442,423
189562,428.0,13184,443,424
190534,428.0,13224,445,426
190943,428.0,13264,446,427
192209,428.0,13304,449,429
192540,428.0,13344,450,430
193133,428.0,13384,452,431
194534,428.0,13424,455,433
195679,427.0,13464,458,434
196731,428.0,13504,460,436
197846,427.0,13544,463,438
198976,427.0,13584,466,439
199841,427.0,13624,468,441
200522,427.0,13664,469,442
201334,427.0,13704,471,444
202061,427.0,13744,473,445
202718,427.0,13784,475,446
203321,427.0,13824,476,447
204092,427.0,13864,478,449
205373,427.0,13904,481,451
206324,427.0,13944,484,452
206958,427.0,13984,485,453
208160,426.0,14024,488,455
208964,426.0,14064,490,457
209473,426.0,14104,491,458
210100,426.0,14144,493,459
210958,426.0,14184,495,460
211832,426.0,14224,497,462
212493,426.0,14264,499,463
212973,426.0,14304,500,464
213724,426.0,14344,502,466
214767,426.0,14384,504,467
215713,426.0,14424,506,469
216617,426.0,14464,508,470
217295,426.0,14504,510,472
218442,426.0,14544,513,473
219364,426.0,14584,515,475
219818,426.0,14624,516,476
221299,426.0,14664,519,478
222118,426.0,14704,521,479
223083,426.0,14744,524,481
223692,426.0,14784,525,482
224461,426.0,14824,527,484
225616,426.0,14864,530,485
226628,426.0,14904,533,487
227229,426.0,14944,534,488
228210,425.0,14984,536,490
228930,425.0,15024,538,491
230199,425.0,15064,541,493
231426,425.0,15104,544,495
231808,425.0,15144,545,496
232597,425.0,15184,547,497
233350,425.0,15224,549,499
233804,425.0,15264,550,500
234662,425.0,15304,552,501
235346,425.0,15344,554,503
236253,425.0,15384,556,504
236900,425.0,15424,558,505
237771,424.0,15464,560,507
238377,424.0,15504,562,508
239133,424.0,15544,563,509
239894,424.0,15584,565,511
240934,424.0,15624,568,512
241588,424.0,15664,569,514
242276,424.0,15704,571,515
243106,424.0,15744,573,516
243562,424.0,15784,574,598
244739,424.0,15824,577,599
245138,424.0,15864,578,600
245998,424.0,15904,580,602
246437,424.0,15944,581,603
247520,424.0,15984,584,605
248494,424.0,16024,586,606
249577,424.0,16064,589,608
249962,424.0,16104,590,609
250823,423.0,16144,592,610
252707,423.0,16184,597,613
253784,423.0,16224,599,614
254550,423.0,16264,601,616
255145,423.0,16304,603,617
256172,423.0,16344,605,618
256881,423.0,16384,607,620
257401,423.0,16424,609,622
258116,423.0,16464,610,623
258810,423.0,16504,612,624
259575,423.0,16544,614,626
260456,423.0,16584,616,627
261214,423.0,16624,618,628
262241,423.0,16664,620,630
262980,423.0,16704,622,631
264505,423.0,16744,626,633
265443,423.0,16784,628,635
266110,423.0,16824,630,636
266957,423.0,16864,632,638
267906,423.0,16904,634,639
268670,423.0,16944,636,640
269271,423.0,16984,637,642
270035,422.0,17024,639,643
270855,422.0,17064,641,645
271260,422.0,17104,642,646
271916,422.0,17144,644,647
272545,422.0,17184,646,648
273704,422.0,17224,649,650
274236,422.0,17264,650,651
274843,422.0,17304,651,652
275779,422.0,17344,654,654
276714,422.0,17384,656,655
277521,422.0,17424,658,657
278060,422.0,17464,659,658
278944,422.0,17504,661,659
279657,422.0,17544,663,661
280545,422.0,17584,665,662
281308,422.0,17624,667,664
282311,422.0,17664,669,665
282889,422.0,17704,671,666
283618,422.0,17744,673,668
284519,422.0,17784,675,669
285262,422.0,17824,676,671
285762,422.0,17864,678,672
286828,422.0,17904,680,673
287661,422.0,17944,682,675
288849,421.0,17984,685,677
289802,421.0,18024,688,678
290240,421.0,18064,689,679
290844,421.0,18104,690,680
292043,421.0,18144,693,682
292902,421.0,18184,695,684
293295,421.0,18224,696,685
293971,421.0,18264,698,686
294968,421.0,18304,700,688
295577,421.0,18344,702,689
296720,421.0,18384,705,691
297410,421.0,18424,706,692
298654,421.0,18464,709,694
299338,421.0,18504,711,695
300177,421.0,18544,713,696
301253,421.0,18584,716,698
302825,421.0,18624,720,700
303842,421.0,18664,723,702
304418,421.0,18704,724,703
305543,420.0,18744,727,705
306180,420.0,18784,728,706
306761,420.0,18824,730,707
307886,420.0,18864,733,709
308741,420.0,18904,735,710
310280,420.0,18944,739,712
310682,420.0,18984,740,713
311323,420.0,19024,741,715
311904,420.0,19064,743,716
313087,420.0,19104,746,718
313877,420.0,19144,748,719
315221,419.0,19184,751,721
315819,419.0,19224,753,722
316670,420.0,19264,755,723
317682,420.0,19304,757,725
318277,420.0,19344,759,726
319761,419.0,19384,762,728
320663,419.0,19424,765,730
321494,419.0,19464,767,731
322275,419.0,19504,769,733
322880,419.0,19544,770,734
323627,419.0,19584,772,735
324646,419.0,19624,775,737
325276,419.0,19664,777,738
325704,419.0,19704,778,739
326055,419.0,19744,779,740
326632,419.0,19784,780,741
327827,418.0,19824,783,743
328691,418.0,19864,785,745
329590,418.0,19904,788,746
330390,418.0,19944,790,748
331142,418.0,19984,791,749
331710,418.0,20024,793,750
332311,418.0,20064,794,751
333282,418.0,20104,797,753
333959,418.0,20144,798,754
334569,418.0,20184,800,756
335264,418.0,20224,802,757
336454,418.0,20264,805,759
337570,418.0,20304,807,760
337878,418.0,20344,808,761
338798,418.0,20384,810,763
339678,418.0,20424,813,764
341105,418.0,20464,816,766
341618,418.0,20504,818,767
342879,418.0,20544,820,769
343754,418.0,20584,823,771
344435,418.0,20624,824,772
345185,418.0,20664,826,773
345941,418.0,20704,828,775
346580,418.0,20744,830,776
347200,418.0,20784,831,777
347726,418.0,20824,832,778
348411,418.0,20864,834,780
349639,418.0,20904,837,781
350183,418.0,20944,839,783
350984,417.0,20984,841,784
351806,417.0,21024,843,786
352513,417.0,21064,845,787
352920,417.0,21104,846,788
353472,417.0,21144,847,789
354047,417.0,21184,848,790
354808,417.0,21224,850,792
355747,417.0,21264,853,793
356173,417.0,21304,854,794
357206,417.0,21344,856,796
357720,417.0,21384,858,797
357986,417.0,21424,858,798
358776,417.0,21464,860,800
359248,417.0,21504,862,801
360082,417.0,21544,864,802
361143,417.0,21584,867,804
361425,417.0,21624,867,805
362405,416.0,21664,870,807
362895,416.0,21704,871,808
363952,416.0,21744,874,809
365080,416.0,21784,877,811
365868,416.0,21824,879,812
366224,416.0,21864,880,813
367164,416.0,21904,882,815
367791,416.0,21944,884,816
368846,416.0,21984,886,818
369475,416.0,22024,888,819
370774,416.0,22064,891,821
371917,416.0,22104,894,823
373190,416.0,22144,897,824
374474,416.0,22184,900,826
375197,416.0,22224,902,828
375833,416.0,22264,904,829
376624,416.0,22304,906,830
377440,416.0,22344,908,832
378442,416.0,22384,910,833
379257,416.0,22424,912,835
380074,416.0,22464,915,836
381020,416.0,22504,917,838
382013,416.0,22544,919,839
382777,415.0,22584,922,841
383272,415.0,22624,923,842
383782,415.0,22664,924,843
384999,415.0,22704,927,845
386011,415.0,22744,930,846
386684,415.0,22784,932,848
387946,415.0,22824,935,849
388768,415.0,22864,937,851
389897,415.0,22904,940,852
391103,415.0,22944,943,854
391622,414.0,22984,945,855
392763,414.0,23024,948,857
393706,414.0,23064,951,859
394562,414.0,23104,953,860
395418,414.0,23144,955,861
396289,414.0,23184,957,863
397029,414.0,23224,959,864
397992,414.0,23264,962,866
398785,414.0,23304,964,867
399722,414.0,23344,967,869
400686,413.0,23384,969,870
401505,413.0,23424,971,872
402132,413.0,23464,973,873
403697,413.0,23504,977,875
404909,413.0,23544,980,877
405879,413.0,23584,982,878
406676,413.0,23624,984,880
407350,413.0,23664,986,881
408435,413.0,23704,989,883
408987,413.0,23744,990,884
409588,413.0,23784,992,885
410514,413.0,23824,994,887
411216,413.0,23864,996,888
412171,413.0,23904,998,890
413061,413.0,23944,1001,891
413558,413.0,23984,1002,892
414313,413.0,24024,1004,894
414886,413.0,24064,1006,895
415756,413.0,24104,1008,896
416622,413.0,24144,1010,898
417728,412.0,24184,1013,899
418539,412.0,24224,1015,901
419387,412.0,24264,1017,902
420364,412.0,24304,1020,904
421211,412.0,24344,1021,905
421880,412.0,24384,1023,907
422536,412.0,24424,1025,908
423393,412.0,24464,1027,909
424049,412.0,24504,1029,911
424709,412.0,24544,1031,912
425540,412.0,24584,1033,913
426087,412.0,24624,1034,915
427002,412.0,24664,1037,916
427931,412.0,24704,1039,918
429054,412.0,24744,1042,919
429967,412.0,24784,1044,921
430443,412.0,24824,1045,922
431388,412.0,24864,1048,924
432263,411.0,24904,1051,925
432833,411.0,24944,1052,926
433922,411.0,24984,1055,928
434683,411.0,25024,1057,929
435360,411.0,25064,1059,931
435981,411.0,25104,1061,932
436607,411.0,25144,1062,933
437053,411.0,25184,1063,934
437657,411.0,25224,1065,936
438866,411.0,25264,1068,937
440086,411.0,25304,1071,939
440826,411.0,25344,1073,940
442045,411.0,25384,1076,942
442603,411.0,25424,1077,943
443347,411.0,25464,1079,945
444024,411.0,25504,1080,946
444806,411.0,25544,1082,947
446262,411.0,25584,1086,949
447617,411.0,25624,1089,951
448779,411.0,25664,1092,953
450032,411.0,25704,1095,955
450930,411.0,25744,1097,956
451375,411.0,25784,1098,957
451669,411.0,25824,1099,958
452117,411.0,25864,1100,959
452709,411.0,25904,1102,961
453482,411.0,25944,1104,962
455024,411.0,25984,1108,964
455712,411.0,26024,1109,965
456314,411.0,26064,1111,967
457257,411.0,26104,1113,968
457872,411.0,26144,1115,969
458778,411.0,26184,1117,971
459708,411.0,26224,1119,972
460644,411.0,26264,1122,974
461524,411.0,26304,1124,975
461811,411.0,26344,1125,976
462485,411.0,26384,1126,978
463604,411.0,26424,1129,979
464021,411.0,26464,1130,980
464914,411.0,26504,1132,982
465989,411.0,26544,1135,984
466428,411.0,26584,1136,985
467556,411.0,26624,1139,986
468312,411.0,26664,1140,988
468967,411.0,26704,1142,989
470461,410.0,26744,1146,991
471980,410.0,26784,1150,993
473346,410.0,26824,1154,995
474272,410.0,26864,1156,996
475063,410.0,26904,1158,998
475667,410.0,26944,1160,999
476084,410.0,26984,1161,1000
476508,410.0,27024,1162,1001
477164,410.0,27064,1163,1003
477779,410.0,27104,1165,1004
478239,410.0,27144,1166,1005
478868,410.0,27184,1168,1006
479372,410.0,27224,1169,1007
2085,494.0,4871,4,41
3238,485.0,4913,7,43
4772,485.0,4953,10,46
6065,470.0,4993,13,48
8509,457.0,5033,19,53
9816,451.0,5073,22,55
10833,453.0,5113,24,57
12046,451.0,5153,27,58
12898,449.0,5193,29,60
13920,447.0,5233,31,61
14864,446.0,5273,33,68
15706,445.0,5313,35,69
16943,445.0,5353,38,71
17794,444.0,5393,40,73
18477,443.0,5433,42,74
19558,443.0,5473,44,76
20484,442.0,5513,46,77
21297,442.0,5553,48,78
22263,441.0,5593,50,80
23575,440.0,5633,54,82
24052,440.0,5673,55,83
25353,439.0,5713,58,85
25763,439.0,5753,59,86
26615,440.0,5793,60,87
27899,440.0,5833,63,89
28785,439.0,5873,65,91
29714,439.0,5913,68,92
30561,437.0,5953,70,104
31598,434.0,5993,73,105
32380,433.0,6033,75,107
32971,433.0,6073,76,108
34521,430.0,6113,80,110
35697,429.0,6153,83,112
36306,428.0,6193,85,113
36786,428.0,6233,86,114
37768,428.0,6273,88,116
38833,428.0,6313,91,117
39698,427.0,6353,93,119
40381,426.0,6393,95,120
41506,425.0,6433,98,122
42606,426.0,6473,100,123
43100,426.0,6513,101,124
44239,427.0,6553,104,126
44920,427.0,6593,105,127
45656,427.0,6633,107,129
47079,426.0,6673,110,131
47855,426.0,6713,112,132
48920,427.0,6753,115,134
49975,426.0,6793,117,135
50892,427.0,6833,119,137
51950,427.0,6873,122,138
52440,427.0,6913,123,140
52940,427.0,6953,124,141
53576,427.0,6993,126,142
54582,427.0,7033,128,144
55482,427.0,7073,130,145
56411,427.0,7113,132,147
57738,427.0,7153,135,149
58940,427.0,7193,138,150
60218,426.0,7233,141,172
61845,426.0,7273,145,174
62451,427.0,7313,146,175
63308,426.0,7353,148,177
64537,426.0,7393,151,179
65072,427.0,7433,153,180
66386,427.0,7473,156,182
67724,425.0,7513,159,184
68332,425.0,7553,161,185
68893,425.0,7593,162,186
69590,425.0,7633,164,187
70174,425.0,7673,165,189
70922,424.0,7713,167,190
71776,424.0,7753,169,191
72319,423.0,7793,171,193
73329,423.0,7833,173,194
74788,423.0,7873,177,196
75432,423.0,7913,178,197
75954,422.0,7953,180,199
76601,422.0,7993,181,200
78162,422.0,8033,185,202
78792,422.0,8073,187,203
79655,421.0,8113,189,205
80561,420.0,8153,192,206
81435,420.0,8193,194,208
82383,419.0,8233,196,210
83215,419.0,8273,199,211
84240,419.0,8313,201,213
85433,419.0,8353,204,214
86259,419.0,8393,206,216
86848,419.0,8433,207,217
87864,419.0,8473,210,219
88606,419.0,8513,212,220
89018,418.0,8553,213,221
89701,418.0,8593,214,223
90977,418.0,8633,218,224
91791,418.0,8673,220,226
92670,418.0,8713,222,227
93683,417.0,8753,224,229
94493,417.0,8793,227,230
94857,417.0,8833,227,231
95443,417.0,8873,229,233
96074,417.0,8913,230,234
96766,417.0,8953,232,235
97838,417.0,8993,235,237
98176,417.0,9033,236,238
98576,416.0,9073,237,239
100058,416.0,9113,240,241
101056,416.0,9153,243,243
102134,416.0,9193,246,244
103093,416.0,9233,248,246
104224,416.0,9273,251,247
104742,415.0,9313,252,249
105418,415.0,9353,254,250
106289,415.0,9393,256,251
106838,415.0,9433,257,253
107796,415.0,9473,260,254
108592,416.0,9513,261,256
109839,416.0,9553,264,257
110639,416.0,9593,266,259
111019,415.0,9633,267,260
111579,415.0,9673,269,261
112586,415.0,9713,271,263
113367,415.0,9753,273,264
113942,415.0,9793,274,265
115049,415.0,9833,277,267
115529,415.0,9873,278,268
116103,415.0,9913,280,269
116810,415.0,9953,282,271
117605,415.0,9993,283,272
118618,415.0,10033,286,274
120033,415.0,10073,289,275
120917,415.0,10113,291,277
121727,415.0,10153,293,318
122754,415.0,10193,296,320
123587,415.0,10233,298,321
124178,415.0,10273,299,323
124642,415.0,10313,300,324
125470,415.0,10353,302,325
126350,415.0,10393,304,327
127183,415.0,10433,306,328
128346,415.0,10473,309,330
129547,415.0,10513,312,332
130181,415.0,10553,314,333
130592,415.0,10593,314,334
131382,415.0,10633,317,335
131942,415.0,10673,318,337
132724,415.0,10713,320,338
133287,415.0,10753,321,339
134227,415.0,10793,324,341
134786,415.0,10833,325,342
136408,415.0,10873,329,344
137002,415.0,10913,330,345
137864,415.0,10953,333,347
139035,414.0,10993,336,349
139775,414.0,11033,337,350
140383,414.0,11073,339,351
141524,415.0,11113,341,353
142527,414.0,11153,344,354
143086,414.0,11193,345,356
143912,414.0,11233,347,357
144586,414.0,11273,349,358
145451,414.0,11313,351,360
146343,414.0,11353,353,361
147393,414.0,11393,356,363
148366,414.0,11433,358,365
149160,415.0,11473,360,366
149815,415.0,11513,361,367
150687,415.0,11553,363,369
151410,415.0,11593,365,370
152236,415.0,11633,367,371
152768,415.0,11673,369,373
153353,414.0,11713,370,374
154621,414.0,11753,373,376
155577,414.0,11793,376,377
156643,414.0,11833,378,379
157396,414.0,11873,380,380
157820,414.0,11913,381,381
158459,414.0,11953,383,383
159266,414.0,11993,385,384
160346,414.0,12033,387,386
161148,414.0,12073,389,387
162276,414.0,12113,392,389
163159,414.0,12153,394,390
164014,414.0,12193,396,392
164736,414.0,12233,398,393
165619,414.0,12273,400,395
166536,414.0,12313,402,396
167129,414.0,12353,404,397
167876,414.0,12393,405,399
168506,414.0,12433,407,400
169631,414.0,12473,410,402
171082,414.0,12513,413,404
172039,414.0,12553,415,405
172688,414.0,12593,417,406
173719,414.0,12633,419,408
174425,414.0,12673,421,409
175831,415.0,12713,424,411
176401,415.0,12753,425,413
176872,415.0,12793,427,414
177930,415.0,12833,429,415
178661,415.0,12873,431,417
179520,415.0,12913,433,418
180209,415.0,12953,435,419
181205,415.0,12993,437,421
182400,414.0,13033,440,423
183772,414.0,13073,444,425
185158,414.0,13113,447,427
185967,414.0,13153,449,428
187162,414.0,13193,452,430
187590,414.0,13233,453,431
188453,414.0,13273,455,432
189245,414.0,13313,457,434
189519,414.0,13353,458,435
190318,414.0,13393,460,436
190877,414.0,13433,461,437
191957,414.0,13473,464,439
192639,414.0,13513,465,440
193235,414.0,13553,467,442
194612,414.0,13593,470,443
195233,414.0,13633,472,445
195980,414.0,13673,473,446
196858,414.0,13713,475,448
197950,414.0,13753,478,449
198528,414.0,13793,479,450
198872,414.0,13833,480,451
200140,414.0,13873,483,453
200933,414.0,13913,485,455
201789,414.0,13953,487,456
202315,414.0,13993,489,457
203072,414.0,14033,491,459
203941,414.0,14073,493,460
205117,414.0,14113,496,462
205961,414.0,14153,498,463
206620,414.0,14193,499,465
207336,414.0,14233,501,466
208470,414.0,14273,504,468
209081,414.0,14313,505,469
209962,414.0,14353,507,470
210969,414.0,14393,509,472
212596,414.0,14433,513,474
213409,414.0,14473,515,475
214724,414.0,14513,518,477
215344,414.0,14553,520,479
216511,414.0,14593,523,480
217393,414.0,14633,525,482
218256,414.0,14673,527,483
218934,414.0,14713,528,485
219577,414.0,14753,530,486
220354,414.0,14793,532,487
220895,414.0,14833,533,489
221938,415.0,14873,535,490
223029,415.0,14913,538,492
223805,415.0,14953,540,493
224254,415.0,14993,541,494
225360,415.0,15033,543,496
226085,415.0,15073,545,497
226893,415.0,15113,547,499
227874,415.0,15153,549,500
229050,415.0,15193,552,502
229943,415.0,15233,554,503
230534,415.0,15273,556,505
231193,415.0,15313,558,506
231480,415.0,15353,558,507
232642,415.0,15393,561,509
233461,415.0,15433,563,510
234090,414.0,15473,565,511
235125,414.0,15513,567,513
235757,414.0,15553,569,514
236328,414.0,15593,570,516
237233,414.0,15633,572,517
238164,414.0,15673,575,599
239364,414.0,15713,578,600
240007,414.0,15753,579,602
240822,414.0,15793,581,603
241304,414.0,15833,583,604
242077,414.0,15873,585,606
242483,414.0,15913,586,607
243076,414.0,15953,587,608
243864,414.0,15993,589,609
245045,414.0,16033,592,611
245582,414.0,16073,593,612
246795,414.0,16113,596,614
247711,414.0,16153,599,616
248282,414.0,16193,600,617
249342,414.0,16233,603,618
249906,414.0,16273,604,620
250777,414.0,16313,606,621
251741,414.0,16353,609,623
252855,414.0,16393,611,625
253983,413.0,16433,615,627
254727,413.0,16473,616,628
255181,413.0,16513,617,629
255907,413.0,16553,619,631
257020,413.0,16593,622,632
257810,413.0,16633,624,634
258485,413.0,16673,626,635
259766,413.0,16713,629,637
261102,413.0,16753,632,639
261931,413.0,16793,634,640
262687,413.0,16833,636,642
263146,413.0,16873,637,643
264015,413.0,16913,639,644
264842,413.0,16953,641,646
265641,413.0,16993,643,647
266205,413.0,17033,644,648
267139,413.0,17073,647,650
268165,413.0,17113,649,651
268831,413.0,17153,651,653
269593,413.0,17193,652,654
270799,413.0,17233,655,656
272050,413.0,17273,658,658
272980,413.0,17313,661,659
273800,413.0,17353,663,661
274996,413.0,17393,666,662
275649,413.0,17433,667,664
276085,413.0,17473,668,665
276711,413.0,17513,670,666
277065,413.0,17553,671,667
278047,413.0,17593,674,669
279012,413.0,17633,676,670
280362,413.0,17673,679,672
281089,413.0,17713,681,673
282103,413.0,17753,684,675
282631,413.0,17793,685,676
283319,413.0,17833,686,677
284226,413.0,17873,689,679
285444,413.0,17913,692,681
286489,413.0,17953,694,682
287721,413.0,17993,697,684
288451,413.0,18033,699,685
289384,413.0,18073,701,687
290717,413.0,18113,705,689
291743,413.0,18153,707,690
292587,413.0,18193,709,692
293943,413.0,18233,713,694
294806,413.0,18273,715,695
296058,412.0,18313,718,697
297007,412.0,18353,720,699
297891,412.0,18393,723,700
299002,412.0,18433,725,702
299918,412.0,18473,728,703
300510,412.0,18513,729,704
301196,412.0,18553,731,706
302189,412.0,18593,733,707
302708,412.0,18633,734,709
303699,412.0,18673,737,710
304271,412.0,18713,738,711
304815,412.0,18753,740,713
305960,412.0,18793,743,714
306862,412.0,18833,745,716
307572,412.0,18873,747,717
308081,412.0,18913,748,718
308805,412.0,18953,750,720
309245,412.0,18993,751,721
310427,412.0,19033,754,723
311228,412.0,19073,755,724
311663,412.0,19113,756,725
312404,412.0,19153,758,726
313084,412.0,19193,760,728
314045,412.0,19233,762,729
314718,412.0,19273,763,731
316247,412.0,19313,767,733
316928,412.0,19353,769,734
317504,412.0,19393,771,735
318519,412.0,19433,773,737
319335,412.0,19473,775,738
320530,412.0,19513,778,740
321432,412.0,19553,780,741
322000,412.0,19593,781,743
322852,412.0,19633,783,744
323668,412.0,19673,785,746
324600,412.0,19713,788,747
325501,412.0,19753,790,749
326011,412.0,19793,791,750
326889,412.0,19833,793,751
327665,412.0,19873,795,753
328210,412.0,19913,797,754
328491,412.0,19953,797,755
329112,412.0,19993,799,756
329832,412.0,20033,801,758
330652,412.0,20073,803,759
331159,412.0,20113,804,760
331748,412.0,20153,805,761
332679,412.0,20193,808,763
333081,412.0,20233,809,764
333896,412.0,20273,811,766
334219,412.0,20313,811,767
334988,412.0,20353,813,768
335480,412.0,20393,814,769
336484,412.0,20433,817,771
337647,412.0,20473,820,772
338267,412.0,20513,821,774
338763,412.0,20553,822,775
339355,412.0,20593,824,776
340091,412.0,20633,826,777
341380,412.0,20673,829,779
341973,412.0,20713,830,781
342657,412.0,20753,832,782
343230,412.0,20793,833,783
344251,412.0,20833,836,785
345278,412.0,20873,838,786
345557,412.0,20913,839,787
346737,412.0,20953,842,789
347666,412.0,20993,844,790
348394,412.0,21033,846,792
349078,412.0,21073,847,793
349599,412.0,21113,849,794
350114,412.0,21153,850,796
351209,412.0,21193,853,797
351926,412.0,21233,854,799
352921,412.0,21273,856,800
353686,412.0,21313,858,802
354381,412.0,21353,860,803
354967,412.0,21393,862,804
355943,412.0,21433,864,806
356609,412.0,21473,866,807
357156,412.0,21513,867,808
357895,412.0,21553,869,810
358865,412.0,21593,871,811
359338,412.0,21633,872,812
359925,412.0,21673,873,814
360682,412.0,21713,875,815
361658,412.0,21753,878,817
362539,412.0,21793,880,818
363119,412.0,21833,881,819
364108,412.0,21873,884,821
364857,412.0,21913,885,822
366019,412.0,21953,888,824
366469,412.0,21993,889,825
367208,412.0,22033,891,826
368268,412.0,22073,893,828
369241,412.0,22113,896,830
369773,412.0,22153,897,831
370795,412.0,22193,900,833
371750,412.0,22233,902,834
373254,412.0,22273,906,836
374723,412.0,22313,909,838
375340,412.0,22353,911,839
375986,412.0,22393,912,840
376961,412.0,22433,915,842
378055,412.0,22473,917,844
378918,412.0,22513,919,845
379958,412.0,22553,922,847
381216,412.0,22593,925,849
382115,412.0,22633,928,850
382886,412.0,22673,929,851
383739,412.0,22713,931,853
384728,412.0,22753,934,855
385795,412.0,22793,936,856
386311,412.0,22833,937,857
387117,412.0,22873,939,859
387880,412.0,22913,942,860
388763,412.0,22953,944,862
389624,412.0,22993,946,863
390706,412.0,23033,948,865
391609,412.0,23073,951,866
392800,412.0,23113,954,868
393878,412.0,23153,956,870
394454,412.0,23193,958,871
395308,412.0,23233,960,872
396140,412.0,23273,962,874
396625,412.0,23313,963,875
397784,412.0,23353,966,877
398173,412.0,23393,967,878
399267,412.0,23433,970,879
400328,412.0,23473,973,881
401269,412.0,23513,975,882
401958,412.0,23553,977,884
403132,412.0,23593,980,885
403977,412.0,23633,982,887
404999,411.0,23673,984,888
405793,411.0,23713,986,890
406356,411.0,23753,988,891
407667,411.0,23793,991,893
408757,411.0,23833,994,895
409469,411.0,23873,996,896
410083,411.0,23913,997,897
410342,411.0,23953,998,898
410970,411.0,23993,1000,899
412124,411.0,24033,1002,901
412505,411.0,24073,1003,902
413219,411.0,24113,1005,904
414152,411.0,24153,1007,905
415029,411.0,24193,1009,907
416108,411.0,24233,1012,908
416938,411.0,24273,1014,910
417592,411.0,24313,1016,911
418088,411.0,24353,1017,912
418546,411.0,24393,1018,913
419361,411.0,24433,1020,915
420223,411.0,24473,1022,916
421169,411.0,24513,1025,918
422161,411.0,24553,1027,919
423234,411.0,24593,1030,921
423746,411.0,24633,1031,922
424626,411.0,24673,1033,924
425466,411.0,24713,1035,925
426132,411.0,24753,1037,926
427395,411.0,24793,1040,928
428003,411.0,24833,1041,929
428744,411.0,24873,1043,931
430373,411.0,24913,1047,933
431256,411.0,24953,1050,934
432045,411.0,24993,1051,936
432557,411.0,25033,1053,937
433313,411.0,25073,1055,938
434276,411.0,25113,1057,940
434842,411.0,25153,1058,941
436044,411.0,25193,1061,943
436597,411.0,25233,1063,944
438641,411.0,25273,1067,946
439410,411.0,25313,1069,948
440278,411.0,25353,1071,949
441404,411.0,25393,1074,951
442099,411.0,25433,1076,952
442805,411.0,25473,1077,954
443375,411.0,25513,1079,955
444111,411.0,25553,1081,956
445101,411.0,25593,1083,958
446310,411.0,25633,1086,959
446980,411.0,25673,1088,961
447971,411.0,25713,1090,962
448234,411.0,25753,1091,963
449047,411.0,25793,1093,965
449797,411.0,25833,1095,966
450922,411.0,25873,1098,968
451920,411.0,25913,1100,969
453189,411.0,25953,1103,971
453882,411.0,25993,1105,972
454504,411.0,26033,1106,974
455301,411.0,26073,1108,975
455898,411.0,26113,1110,976
456480,411.0,26153,1111,978
457751,411.0,26193,1114,979
458640,411.0,26233,1116,981
459467,411.0,26273,1118,982
460206,411.0,26313,1120,984
461452,411.0,26353,1123,985
461729,411.0,26393,1124,986
462531,411.0,26433,1126,988
463056,411.0,26473,1127,989
464184,411.0,26513,1130,991
465332,411.0,26553,1133,992
466411,411.0,26593,1135,994
467325,411.0,26633,1138,996
468137,411.0,26673,1140,997
468944,411.0,26713,1142,998
469550,411.0,26753,1143,1000
470125,411.0,26793,1145,1001
470971,411.0,26833,1147,1002
471800,411.0,26873,1149,1004
472390,411.0,26913,1150,1005
473562,411.0,26953,1153,1007
1503,507.0,4818,3,41
5859,499.0,4893,12,47
7643,493.0,4933,16,51
8798,486.0,4973,18,53
10295,481.0,5013,21,55
11622,482.0,5053,24,57
12762,482.0,5093,26,59
14196,480.0,5133,30,66
15823,475.0,5173,33,68
16949,475.0,5213,36,70
17865,475.0,5253,38,71
19311,474.0,5293,41,73
20384,473.0,5333,43,75
21191,471.0,5373,45,76
22440,469.0,5413,48,78
23247,466.0,5453,50,79
24095,465.0,5493,52,81
25196,464.0,5533,54,83
26102,463.0,5573,56,84
27338,463.0,5613,59,86
27685,463.0,5653,60,87
28430,463.0,5693,61,98
29358,463.0,5733,63,100
30684,462.0,5773,66,102
31984,462.0,5813,69,103
32590,461.0,5853,71,105
33582,461.0,5893,73,106
34395,461.0,5933,75,108
35330,459.0,5973,77,109
36753,458.0,6013,80,111
37677,458.0,6053,82,113
38238,457.0,6093,84,114
39111,456.0,6133,86,115
40254,456.0,6173,88,117
41130,455.0,6213,90,119
41838,454.0,6253,92,120
42510,453.0,6293,94,121
43393,452.0,6333,96,123
44305,451.0,6373,98,124
45130,452.0,6413,100,126
46415,452.0,6453,103,127
46995,452.0,6493,104,129
48243,451.0,6533,107,131
49206,451.0,6573,109,132
49978,451.0,6613,111,133
50481,451.0,6653,112,135
51397,451.0,6693,114,136
52079,449.0,6733,116,137
53123,448.0,6773,118,139
53732,448.0,6813,120,140
54946,447.0,6853,123,142
55656,447.0,6893,125,143
56490,447.0,6933,127,145
57135,446.0,6973,128,146
57916,446.0,7013,130,168
58630,446.0,7053,131,169
59854,446.0,7093,134,171
61320,447.0,7133,137,173
62147,447.0,7173,139,174
62853,447.0,7213,141,175
64124,447.0,7253,143,177
64821,447.0,7293,145,178
65286,447.0,7333,146,180
66087,446.0,7373,148,181
67084,446.0,7413,150,183
67409,446.0,7453,151,184
67812,446.0,7493,152,185
68492,445.0,7533,154,186
69021,445.0,7573,155,187
69582,445.0,7613,156,189
70491,444.0,7653,159,190
71619,443.0,7693,162,192
72577,443.0,7733,164,193
73809,443.0,7773,167,195
74480,442.0,7813,168,196
75189,442.0,7853,170,198
76419,442.0,7893,173,199
77454,441.0,7933,176,201
78268,441.0,7973,178,203
79240,440.0,8013,180,204
80522,440.0,8053,183,206
80989,439.0,8093,184,207
82038,438.0,8133,187,209
83084,438.0,8173,190,210
83879,438.0,8213,191,212
84518,438.0,8253,193,213
85269,438.0,8293,195,215
86737,438.0,8333,198,217
87137,438.0,8373,199,218
88013,438.0,8413,201,219
88517,437.0,8453,202,220
89081,437.0,8493,204,222
90324,437.0,8533,207,223
90647,437.0,8573,207,224
91324,437.0,8613,209,226
92276,437.0,8653,211,227
92740,437.0,8693,212,228
93522,437.0,8733,214,230
94518,437.0,8773,216,231
95409,437.0,8813,218,233
96007,438.0,8853,219,234
96870,438.0,8893,221,235
97743,438.0,8933,223,237
98147,438.0,8973,224,238
98724,438.0,9013,225,239
99833,438.0,9053,228,241
101369,438.0,9093,232,243
102326,438.0,9133,234,244
103728,438.0,9173,237,246
104415,438.0,9213,239,248
105631,438.0,9253,241,249
106290,438.0,9293,243,251
107124,437.0,9333,245,252
107968,437.0,9373,247,254
109087,437.0,9413,250,255
109909,437.0,9453,252,257
110461,437.0,9493,253,258
111047,437.0,9533,254,259
111851,436.0,9573,256,261
112581,436.0,9613,258,262
113667,436.0,9653,261,264
114910,436.0,9693,264,265
115464,436.0,9733,265,267
116127,435.0,9773,267,268
116930,435.0,9813,269,269
117522,435.0,9853,270,271
118712,435.0,9893,273,272
119244,435.0,9933,274,274
120119,435.0,9973,276,275
120860,434.0,10013,278,316
121658,434.0,10053,280,318
122419,434.0,10093,282,319
123210,434.0,10133,284,321
124755,433.0,10173,288,323
126305,433.0,10213,292,325
127350,433.0,10253,294,326
128405,433.0,10293,297,328
129427,432.0,10333,299,329
130396,432.0,10373,302,331
131633,432.0,10413,305,333
132205,432.0,10453,306,334
133064,432.0,10493,308,335
133848,431.0,10533,310,337
134508,431.0,10573,312,338
135646,431.0,10613,315,340
136591,431.0,10653,317,341
137530,431.0,10693,319,343
138445,430.0,10733,322,344
138834,430.0,10773,323,345
139306,430.0,10813,324,347
140473,430.0,10853,327,348
141383,430.0,10893,329,350
142080,430.0,10933,331,351
142793,429.0,10973,333,353
143988,429.0,11013,335,354
144606,429.0,11053,337,356
145701,429.0,11093,340,357
146684,429.0,11133,342,359
147572,428.0,11173,345,360
148450,428.0,11213,347,362
149398,428.0,11253,349,363
149675,428.0,11293,350,364
150265,427.0,11333,352,366
150986,427.0,11373,353,367
151659,427.0,11413,355,368
151952,427.0,11453,356,369
152716,427.0,11493,358,371
153160,427.0,11533,359,372
153605,427.0,11573,360,373
154702,426.0,11613,363,375
155300,426.0,11653,364,376
156093,427.0,11693,366,377
156865,427.0,11733,368,379
157525,426.0,11773,369,380
158625,426.0,11813,372,382
159816,426.0,11853,375,383
160653,426.0,11893,377,385
161201,425.0,11933,379,386
161969,425.0,11973,381,387
163072,425.0,12013,384,389
163735,425.0,12053,385,390
164276,425.0,12093,387,391
165693,425.0,12133,390,393
166571,425.0,12173,392,395
167181,424.0,12213,394,396
168247,425.0,12253,396,398
169165,425.0,12293,398,399
169720,425.0,12333,400,401
170454,425.0,12373,401,402
171046,424.0,12413,403,403
172205,424.0,12453,406,405
172768,424.0,12493,407,406
173495,424.0,12533,409,407
173930,424.0,12573,410,409
174657,424.0,12613,412,410
176057,424.0,12653,415,412
176824,424.0,12693,417,413
177572,424.0,12733,419,415
178800,423.0,12773,422,416
179757,423.0,12813,425,418
180503,422.0,12853,427,419
181223,422.0,12893,429,421
182058,422.0,12933,431,422
182845,422.0,12973,433,423
183544,422.0,13013,435,425
184466,421.0,13053,438,426
185066,421.0,13093,439,427
185651,421.0,13133,441,429
186248,421.0,13173,442,430
187079,421.0,13213,444,431
187779,421.0,13253,446,433
188666,421.0,13293,448,434
189619,421.0,13333,451,436
190774,420.0,13373,454,437
191643,420.0,13413,456,439
192274,420.0,13453,457,440
192563,420.0,13493,458,441
193478,421.0,13533,460,443
194194,420.0,13573,462,444
194811,420.0,13613,463,445
195360,420.0,13653,465,447
196527,420.0,13693,468,448
197819,420.0,13733,471,450
198380,420.0,13773,472,451
199132,420.0,13813,474,453
199971,420.0,13853,476,454
200763,420.0,13893,479,455
201406,420.0,13933,480,457
202099,419.0,13973,482,458
202996,419.0,14013,484,459
203920,419.0,14053,487,461
204871,419.0,14093,489,462
205698,419.0,14133,491,464
206454,419.0,14173,493,465
207811,419.0,14213,496,467
208517,419.0,14253,498,468
209005,419.0,14293,499,470
209811,419.0,14333,501,471
210659,419.0,14373,503,473
211273,419.0,14413,505,474
212320,419.0,14453,507,475
212823,419.0,14493,508,477
213520,419.0,14533,510,478
214213,419.0,14573,512,479
214800,418.0,14613,513,480
215651,418.0,14653,516,482
216435,418.0,14693,518,483
217126,418.0,14733,519,485
218463,418.0,14773,522,487
219192,418.0,14813,524,488
220148,418.0,14853,526,489
220753,418.0,14893,528,491
221688,418.0,14933,530,492
222344,418.0,14973,532,494
223304,418.0,15013,534,495
224431,418.0,15053,537,497
225439,417.0,15093,540,498
226300,417.0,15133,543,500
227171,417.0,15173,545,501
228493,417.0,15213,548,503
229566,417.0,15253,551,505
230352,417.0,15293,553,506
231430,416.0,15333,556,508
232304,416.0,15373,558,509
233286,416.0,15413,561,511
233830,416.0,15453,562,512
234160,416.0,15493,563,513
235106,416.0,15533,565,515
235594,416.0,15573,566,516
236806,416.0,15613,570,518
237666,416.0,15653,572,599
238315,415.0,15693,574,600
239100,415.0,15733,576,602
239932,415.0,15773,578,603
240491,415.0,15813,580,604
241641,415.0,15853,582,606
242426,415.0,15893,584,608
243564,415.0,15933,587,609
244044,415.0,15973,588,610
244829,415.0,16013,590,612
245825,415.0,16053,593,613
246594,415.0,16093,594,615
247439,415.0,16133,596,616
248573,415.0,16173,599,618
249320,415.0,16213,601,619
249808,415.0,16253,602,620
250529,415.0,16293,604,622
251597,415.0,16333,607,623
252613,415.0,16373,609,625
253391,415.0,16413,611,627
254160,415.0,16453,613,628
254650,415.0,16493,614,630
254995,415.0,16533,615,631
255594,414.0,16573,617,632
256558,414.0,16613,619,633
257452,415.0,16653,621,635
258002,415.0,16693,622,636
258731,415.0,16733,624,637
259912,414.0,16773,627,639
260865,414.0,16813,629,641
261542,414.0,16853,631,642
261877,414.0,16893,632,643
262780,414.0,16933,634,645
263293,414.0,16973,635,646
263907,414.0,17013,637,647
264628,414.0,17053,638,648
265201,414.0,17093,640,650
265959,414.0,17133,642,651
266678,414.0,17173,643,652
267633,415.0,17213,646,654
268299,415.0,17253,647,655
269151,414.0,17293,649,657
269944,414.0,17333,651,658
270452,414.0,17373,653,659
271543,414.0,17413,655,661
272448,414.0,17453,658,663
273214,414.0,17493,659,664
274226,414.0,17533,662,666
275237,414.0,17573,664,667
275977,414.0,17613,666,668
276606,414.0,17653,668,670
277021,414.0,17693,669,671
277678,414.0,17733,671,672
278290,414.0,17773,672,673
279102,414.0,17813,675,675
279959,414.0,17853,676,676
281022,414.0,17893,679,678
281645,414.0,17933,681,679
282514,414.0,17973,683,681
283627,414.0,18013,685,682
284234,414.0,18053,687,684
284962,414.0,18093,688,685
286245,414.0,18133,692,687
287083,414.0,18173,693,688
287695,414.0,18213,695,689
288445,414.0,18253,696,691
289073,414.0,18293,698,692
290117,414.0,18333,701,694
290836,414.0,18373,702,695
291607,414.0,18413,704,696
292358,414.0,18453,706,698
293224,414.0,18493,708,699
293925,414.0,18533,710,701
295096,414.0,18573,713,702
295986,414.0,18613,715,704
297119,414.0,18653,718,705
297703,414.0,18693,720,707
298366,414.0,18733,721,708
299249,413.0,18773,724,710
300188,414.0,18813,726,711
301164,414.0,18853,728,713
301936,414.0,18893,730,714
303367,414.0,18933,734,716
304158,413.0,18973,736,717
304875,413.0,19013,737,719
305513,413.0,19053,739,720
306414,413.0,19093,741,721
307467,413.0,19133,744,723
308092,413.0,19173,745,724
308978,413.0,19213,747,726
309915,414.0,19253,749,727
311594,414.0,19293,753,730
312497,414.0,19333,755,731
313312,414.0,19373,757,732
313916,414.0,19413,758,734
314602,414.0,19453,760,735
315427,414.0,19493,762,736
316283,414.0,19533,764,738
317115,414.0,19573,766,739
317866,414.0,19613,768,741
318947,414.0,19653,770,742
320262,414.0,19693,774,744
321014,414.0,19733,775,746
321878,414.0,19773,777,747
322660,414.0,19813,779,748
323127,414.0,19853,781,750
324101,414.0,19893,783,751
324928,414.0,19933,785,753
325494,414.0,19973,786,754
326072,414.0,20013,788,755
326721,414.0,20053,789,756
327953,414.0,20093,793,758
328364,414.0,20133,794,759
329007,414.0,20173,795,761
329724,414.0,20213,797,762
330649,414.0,20253,799,764
331269,414.0,20293,800,765
332052,414.0,20333,802,766
333356,414.0,20373,805,768
334052,414.0,20413,807,769
334756,414.0,20453,808,771
335347,414.0,20493,810,772
335864,414.0,20533,811,773
336751,414.0,20573,813,775
337592,414.0,20613,815,776
338277,414.0,20653,817,777
339309,414.0,20693,820,779
340227,414.0,20733,822,780
341133,414.0,20773,824,782
341996,414.0,20813,826,783
342917,414.0,20853,828,785
344087,414.0,20893,831,787
345132,414.0,20933,834,788
345979,414.0,20973,836,790
346663,414.0,21013,838,791
347408,414.0,21053,839,792
348292,414.0,21093,842,794
349098,414.0,21133,844,795
349591,414.0,21173,845,797
350287,414.0,21213,846,798
350958,414.0,21253,848,799
351408,414.0,21293,849,800
351791,414.0,21333,850,802
353020,414.0,21373,853,803
353755,414.0,21413,855,805
355002,414.0,21453,858,806
355877,414.0,21493,860,808
357074,414.0,21533,863,810
358127,414.0,21573,866,811
359010,414.0,21613,868,813
359514,414.0,21653,869,814
360451,414.0,21693,871,815
361352,414.0,21733,874,817
362290,414.0,21773,876,818
363473,414.0,21813,879,820
364319,414.0,21853,881,822
365300,414.0,21893,883,823
365970,414.0,21933,885,825
366616,414.0,21973,886,826
367456,414.0,22013,888,827
368318,414.0,22053,891,829
369107,414.0,22093,892,830
369627,414.0,22133,894,831
370380,414.0,22173,896,833
371099,414.0,22213,897,834
372081,414.0,22253,900,836
373138,414.0,22293,902,837
374342,413.0,22333,905,839
375482,413.0,22373,908,841
376086,413.0,22413,910,842
376757,413.0,22453,911,843
377485,413.0,22493,913,845
378155,413.0,22533,915,846
378922,413.0,22573,917,847
379527,413.0,22613,918,849
380669,413.0,22653,922,850
381474,413.0,22693,923,852
381977,413.0,22733,925,853
382903,413.0,22773,927,854
383918,413.0,22813,929,856
385093,413.0,22853,932,858
